{"Year":2023,"Global_Avg_Temp_Change":1.6711246031746023}
{"Year":2020,"Global_Avg_Temp_Change":1.482066985645936}
{"Year":2019,"Global_Avg_Temp_Change":1.438202321287258}
{"Year":2016,"Global_Avg_Temp_Change":1.3981328947368448}
{"Year":2022,"Global_Avg_Temp_Change":1.3368215789473683}
{"Year":2021,"Global_Avg_Temp_Change":1.3031867088607547}
{"Year":2018,"Global_Avg_Temp_Change":1.2953396226415061}
{"Year":2015,"Global_Avg_Temp_Change":1.2868231132075467}
{"Year":2017,"Global_Avg_Temp_Change":1.2649900393184796}
{"Year":2014,"Global_Avg_Temp_Change":1.112919040084387}
